session_id,date,exercise,set_number,weight_kg,reps,rpe,true_top_weight
0,2026-01-01,Squat,1,57.9,9,8.4,60.0
0,2026-01-01,Squat,2,56.1,6,7.6,60.0
0,2026-01-01,Squat,3,59.4,8,6.6,60.0
1,2026-01-03,Bench Press,1,61.8,9,7.6,60.0
1,2026-01-03,Bench Press,2,62.3,9,6.6,60.0
1,2026-01-03,Bench Press,3,60.7,7,8.4,60.0
1,2026-01-03,Bench Press,4,59.9,8,6.8,60.0
2,2026-01-05,Deadlift,1,59.7,7,7.1,60.0
2,2026-01-05,Deadlift,2,61.1,9,7.9,60.0
2,2026-01-05,Deadlift,3,60.9,11,7.1,60.0
3,2026-01-07,Overhead Press,1,59.0,7,8.1,60.0
3,2026-01-07,Overhead Press,2,62.3,8,6.7,60.0
3,2026-01-07,Overhead Press,3,58.4,9,8.2,60.0
3,2026-01-07,Overhead Press,4,61.1,7,7.7,60.0
4,2026-01-08,Squat,1,60.9,9,7.7,60.5
4,2026-01-08,Squat,2,61.9,8,7.8,60.5
4,2026-01-08,Squat,3,61.8,6,7.2,60.5
4,2026-01-08,Squat,4,59.6,7,7.2,60.5
5,2026-01-10,Bench Press,1,63.5,7,8.5,60.5
5,2026-01-10,Bench Press,2,57.1,7,7.7,60.5
5,2026-01-10,Bench Press,3,61.7,9,8.3,60.5
6,2026-01-12,Deadlift,1,59.6,9,7.3,60.5
6,2026-01-12,Deadlift,2,57.9,6,6.6,60.5
6,2026-01-12,Deadlift,3,61.5,8,8.2,60.5
6,2026-01-12,Deadlift,4,59.6,8,8.1,60.5
7,2026-01-14,Overhead Press,1,59.9,9,6.8,60.5
7,2026-01-14,Overhead Press,2,59.8,7,6.3,60.5
7,2026-01-14,Overhead Press,3,61.5,7,7.5,60.5
8,2026-01-15,Squat,1,61.9,9,7.4,61.0
8,2026-01-15,Squat,2,60.2,8,5.8,61.0
8,2026-01-15,Squat,3,58.1,6,6.5,61.0
8,2026-01-15,Squat,4,61.8,7,7.1,61.0
9,2026-01-17,Bench Press,1,63.6,7,8.2,61.0
9,2026-01-17,Bench Press,2,59.1,8,6.5,61.0
9,2026-01-17,Bench Press,3,60.3,9,5.8,61.0
10,2026-01-19,Deadlift,1,61.5,7,6.1,61.0
10,2026-01-19,Deadlift,2,61.1,7,7.7,61.0
10,2026-01-19,Deadlift,3,61.0,10,7.3,61.0
10,2026-01-19,Deadlift,4,59.0,8,7.7,61.0
11,2026-01-21,Overhead Press,1,63.7,9,7.9,61.0
11,2026-01-21,Overhead Press,2,63.9,6,6.9,61.0
11,2026-01-21,Overhead Press,3,59.1,7,6.1,61.0
12,2026-01-22,Squat,1,61.1,6,6.5,61.5
12,2026-01-22,Squat,2,62.1,9,9.5,61.5
12,2026-01-22,Squat,3,67.3,9,6.5,61.5
12,2026-01-22,Squat,4,57.2,8,6.7,61.5
13,2026-01-24,Bench Press,1,60.7,7,7.4,61.5
13,2026-01-24,Bench Press,2,63.6,8,7.3,61.5
13,2026-01-24,Bench Press,3,59.4,5,7.0,61.5
13,2026-01-24,Bench Press,4,61.4,11,7.6,61.5
14,2026-01-26,Deadlift,1,60.5,6,6.5,61.5
14,2026-01-26,Deadlift,2,60.0,11,6.7,61.5
14,2026-01-26,Deadlift,3,63.2,7,8.4,61.5
15,2026-01-28,Overhead Press,1,62.3,8,7.5,61.5
15,2026-01-28,Overhead Press,2,60.2,9,7.0,61.5
15,2026-01-28,Overhead Press,3,59.0,6,7.7,61.5
16,2026-01-29,Squat,1,62.3,8,7.8,62.0
16,2026-01-29,Squat,2,64.6,8,7.1,62.0
16,2026-01-29,Squat,3,64.2,9,9.0,62.0
17,2026-01-31,Bench Press,1,62.4,6,6.1,62.0
17,2026-01-31,Bench Press,2,65.3,11,7.3,62.0
17,2026-01-31,Bench Press,3,61.2,10,6.4,62.0
17,2026-01-31,Bench Press,4,60.2,9,7.1,62.0
18,2026-02-02,Deadlift,1,61.7,9,8.9,62.0
18,2026-02-02,Deadlift,2,62.2,9,5.4,62.0
18,2026-02-02,Deadlift,3,61.9,7,6.3,62.0
19,2026-02-04,Overhead Press,1,60.2,7,8.4,62.0
19,2026-02-04,Overhead Press,2,59.3,8,7.0,62.0
19,2026-02-04,Overhead Press,3,61.3,10,8.0,62.0
19,2026-02-04,Overhead Press,4,64.7,8,6.8,62.0
20,2026-02-05,Squat,1,63.0,8,6.4,62.5
20,2026-02-05,Squat,2,62.7,8,10.0,62.5
20,2026-02-05,Squat,3,66.3,7,7.2,62.5
21,2026-02-07,Bench Press,1,59.6,7,7.8,62.5
21,2026-02-07,Bench Press,2,64.9,7,6.8,62.5
21,2026-02-07,Bench Press,3,58.2,8,6.4,62.5
22,2026-02-09,Deadlift,1,66.9,7,6.6,62.5
22,2026-02-09,Deadlift,2,62.3,5,6.0,62.5
22,2026-02-09,Deadlift,3,66.8,6,6.4,62.5
22,2026-02-09,Deadlift,4,66.2,12,6.3,62.5
23,2026-02-11,Overhead Press,1,61.8,9,9.2,62.5
23,2026-02-11,Overhead Press,2,60.5,8,8.3,62.5
23,2026-02-11,Overhead Press,3,63.4,7,7.4,62.5
23,2026-02-11,Overhead Press,4,59.8,8,7.2,62.5
24,2026-02-12,Squat,1,61.9,9,8.5,63.0
24,2026-02-12,Squat,2,63.3,9,7.6,63.0
24,2026-02-12,Squat,3,63.0,7,7.8,63.0
25,2026-02-14,Bench Press,1,62.8,11,9.1,63.0
25,2026-02-14,Bench Press,2,63.8,7,6.4,63.0
25,2026-02-14,Bench Press,3,65.4,8,8.0,63.0
26,2026-02-16,Deadlift,1,64.9,9,6.4,63.0
26,2026-02-16,Deadlift,2,62.1,8,7.6,63.0
26,2026-02-16,Deadlift,3,62.4,8,7.2,63.0
26,2026-02-16,Deadlift,4,63.3,10,5.0,63.0
27,2026-02-18,Overhead Press,1,62.5,8,7.8,63.0
27,2026-02-18,Overhead Press,2,62.3,5,7.8,63.0
27,2026-02-18,Overhead Press,3,66.5,6,8.4,63.0
28,2026-02-19,Squat,1,63.4,6,7.2,63.5
28,2026-02-19,Squat,2,66.1,9,9.2,63.5
28,2026-02-19,Squat,3,65.9,9,9.2,63.5
28,2026-02-19,Squat,4,64.4,9,7.2,63.5
29,2026-02-21,Bench Press,1,63.6,7,8.5,63.5
29,2026-02-21,Bench Press,2,61.1,9,7.3,63.5
29,2026-02-21,Bench Press,3,65.8,9,9.3,63.5
30,2026-02-23,Deadlift,1,60.4,8,6.3,63.5
30,2026-02-23,Deadlift,2,62.5,10,8.1,63.5
30,2026-02-23,Deadlift,3,62.1,6,7.5,63.5
30,2026-02-23,Deadlift,4,61.1,7,7.8,63.5
31,2026-02-25,Overhead Press,1,65.8,9,5.2,63.5
31,2026-02-25,Overhead Press,2,64.1,8,7.9,63.5
31,2026-02-25,Overhead Press,3,66.7,5,6.9,63.5
32,2026-02-26,Squat,1,60.8,10,7.9,64.0
32,2026-02-26,Squat,2,65.7,7,8.3,64.0
32,2026-02-26,Squat,3,66.1,8,7.7,64.0
32,2026-02-26,Squat,4,64.5,7,7.4,64.0
33,2026-02-28,Bench Press,1,63.7,9,8.5,64.0
33,2026-02-28,Bench Press,2,61.9,8,9.0,64.0
33,2026-02-28,Bench Press,3,62.5,7,7.7,64.0
34,2026-03-02,Deadlift,1,64.0,10,8.4,64.0
34,2026-03-02,Deadlift,2,65.7,9,9.8,64.0
34,2026-03-02,Deadlift,3,63.6,5,9.1,64.0
34,2026-03-02,Deadlift,4,63.1,8,8.8,64.0
35,2026-03-04,Overhead Press,1,60.8,6,5.9,64.0
35,2026-03-04,Overhead Press,2,62.4,9,8.0,64.0
35,2026-03-04,Overhead Press,3,64.6,6,5.2,64.0
36,2026-03-05,Squat,1,63.6,9,8.2,64.5
36,2026-03-05,Squat,2,64.8,9,7.7,64.5
36,2026-03-05,Squat,3,65.6,7,7.3,64.5
37,2026-03-07,Bench Press,1,64.9,9,7.1,64.5
37,2026-03-07,Bench Press,2,65.5,8,7.4,64.5
37,2026-03-07,Bench Press,3,66.2,5,6.2,64.5
37,2026-03-07,Bench Press,4,61.5,4,6.8,64.5
38,2026-03-09,Deadlift,1,63.9,8,8.6,64.5
38,2026-03-09,Deadlift,2,67.2,8,8.9,64.5
38,2026-03-09,Deadlift,3,64.7,7,6.9,64.5
38,2026-03-09,Deadlift,4,61.5,7,7.1,64.5
39,2026-03-11,Overhead Press,1,66.1,11,6.1,64.5
39,2026-03-11,Overhead Press,2,65.3,6,8.0,64.5
39,2026-03-11,Overhead Press,3,64.2,5,8.4,64.5
39,2026-03-11,Overhead Press,4,63.3,7,6.4,64.5
40,2026-03-12,Squat,1,65.9,8,7.8,65.0
40,2026-03-12,Squat,2,65.7,10,7.2,65.0
40,2026-03-12,Squat,3,62.0,10,7.2,65.0
40,2026-03-12,Squat,4,67.2,9,7.4,65.0
41,2026-03-14,Bench Press,1,65.7,11,9.6,65.0
41,2026-03-14,Bench Press,2,65.1,8,8.6,65.0
41,2026-03-14,Bench Press,3,63.3,8,7.5,65.0
42,2026-03-16,Deadlift,1,63.3,6,5.4,65.0
42,2026-03-16,Deadlift,2,62.8,7,7.2,65.0
42,2026-03-16,Deadlift,3,68.9,10,6.5,65.0
42,2026-03-16,Deadlift,4,65.7,7,7.2,65.0
43,2026-03-18,Overhead Press,1,65.4,9,7.2,65.0
43,2026-03-18,Overhead Press,2,67.1,6,7.5,65.0
43,2026-03-18,Overhead Press,3,70.2,8,8.9,65.0
44,2026-03-19,Squat,1,66.7,8,7.3,65.5
44,2026-03-19,Squat,2,63.9,9,6.6,65.5
44,2026-03-19,Squat,3,66.8,10,7.9,65.5
44,2026-03-19,Squat,4,64.9,9,7.2,65.5
45,2026-03-21,Bench Press,1,67.4,5,7.2,65.5
45,2026-03-21,Bench Press,2,61.5,6,8.9,65.5
45,2026-03-21,Bench Press,3,67.3,7,6.0,65.5
45,2026-03-21,Bench Press,4,59.6,7,9.9,65.5
46,2026-03-23,Deadlift,1,64.4,9,5.9,65.5
46,2026-03-23,Deadlift,2,64.9,8,7.4,65.5
46,2026-03-23,Deadlift,3,67.1,9,8.2,65.5
47,2026-03-25,Overhead Press,1,64.1,9,9.1,65.5
47,2026-03-25,Overhead Press,2,63.6,7,8.8,65.5
47,2026-03-25,Overhead Press,3,65.1,10,7.1,65.5
47,2026-03-25,Overhead Press,4,68.4,8,7.8,65.5
